{
  "step": [
    1,
    250,
    500,
    750,
    1000
  ],
  "loss": [
    3.073148012161255,
    2.5026846799850464,
    1.5914663243293763,
    0.9414341380596161,
    0.651357412815094
  ],
  "probe_recon": [
    0.0055955518037080765,
    0.0009592563167680055,
    0.0013089593194890766,
    0.002387754728551954,
    0.0032455506660044194
  ],
  "probe_loss_mse": [
    9.584568977355957,
    1.0152842349410056,
    0.11116020594537258,
    0.0590048356205225,
    0.03713561197370291
  ],
  "per_task_acc": {
    "addition": [
      0.0,
      0.001953125,
      0.0,
      0.0,
      0.001953125
    ],
    "sort": [
      0.0,
      0.025390625,
      0.484375,
      0.9453125,
      0.970703125
    ],
    "reverse": [
      0.0,
      0.0,
      0.18359375,
      1.0,
      1.0
    ],
    "modadd": [
      0.0,
      0.0078125,
      0.00390625,
      0.0078125,
      0.009765625
    ]
  },
  "per_task_loss": {
    "addition": [
      3.109614372253418,
      2.520677511950573,
      1.750693754196167,
      1.5456379904747009,
      1.454251964569092
    ],
    "sort": [
      3.0458133220672607,
      2.4311892833096915,
      1.3857690811157226,
      0.55923141258955,
      0.12394015549123287
    ],
    "reverse": [
      3.0613908767700195,
      2.5939050764443885,
      1.6062856740951539,
      0.5027822611927986,
      0.07477774888277054
    ],
    "modadd": [
      3.075227737426758,
      2.501579950133481,
      1.7223959875106811,
      1.563803876876831,
      1.5475000929832459
    ]
  },
  "n_params": 101504,
  "n_probe_params": 91137
}