{
  "step": [
    1,
    250,
    500,
    750,
    1000,
    1250,
    1500,
    1750,
    2000,
    2250,
    2500,
    2750,
    3000,
    3250,
    3500,
    3750,
    4000,
    4250,
    4500,
    4750,
    5000,
    5250,
    5500,
    5750,
    6000,
    6250,
    6500,
    6750,
    7000,
    7250,
    7500,
    7750,
    8000,
    8250,
    8500,
    8750,
    9000,
    9250,
    9500,
    9750,
    10000,
    10250,
    10500,
    10750,
    11000,
    11250,
    11500,
    11750,
    12000,
    12250,
    12500,
    12750
  ],
  "loss": [
    3.049924373626709,
    2.478771773815155,
    1.5049942843914033,
    0.7615652086734772,
    0.5925258390903473,
    0.5403562628030777,
    0.5208364034891129,
    0.4824116089344025,
    0.439770689368248,
    0.42638509774208067,
    0.41754316437244415,
    0.4089645040035248,
    0.40059911644458773,
    0.39864556074142454,
    0.39897464275360106,
    0.3896534457206726,
    0.39523220086097716,
    0.3862214215993881,
    0.3825775729417801,
    0.3739365283250809,
    0.36413136947155,
    0.35211870926618577,
    0.3332941396832466,
    0.3147134590744972,
    0.2914575831890106,
    0.27537343060970304,
    0.25909856790304187,
    0.24828209018707276,
    0.2382833041548729,
    0.23474321520328523,
    0.23535861480236053,
    0.22394328874349595,
    0.22547833961248398,
    0.21552322205901145,
    0.21983772599697113,
    0.20758777293562888,
    0.20522628796100617,
    0.20043820455670358,
    0.20095129656791688,
    0.199100520581007,
    0.19848929059505463,
    0.20002530878782274,
    0.19730834454298019,
    0.19152433902025223,
    0.19136095136404038,
    0.18367191389203072,
    0.18115250441432,
    0.18503774496912956,
    0.17804291984438897,
    0.18070129877328872,
    0.17881716603040695,
    0.17623948872089387
  ],
  "probe_recon": [
    0.0068772220984101295,
    0.002066031102091074,
    0.002919314247556031,
    0.004059444695711136,
    0.005722088232636452,
    0.006531161449849605,
    0.006861854072660207,
    0.00699283898435533,
    0.006887217346578836,
    0.007396183811128139,
    0.0076213837992399934,
    0.007941658074036241,
    0.008181598616763949,
    0.008400739844888448,
    0.008407865738496185,
    0.008616048464551569,
    0.008858217071741819,
    0.008929918734356761,
    0.008849231835454703,
    0.008872161179780961,
    0.008613765524700284,
    0.008759519789367913,
    0.008809986017644406,
    0.008853510612621903,
    0.009067419450730085,
    0.00920090651884675,
    0.009146757133305072,
    0.008898181274533273,
    0.008705289669334888,
    0.008685342637822032,
    0.00879979656636715,
    0.008480774354189634,
    0.008400900138542056,
    0.00833571538887918,
    0.00821911758184433,
    0.007910930540412664,
    0.007711501426994801,
    0.007515003141015768,
    0.00755082219839096,
    0.00751127702370286,
    0.007380758116021752,
    0.007268347339704633,
    0.00720977152697742,
    0.007102296467870474,
    0.006947891052812338,
    0.006786398526281118,
    0.006569406198337674,
    0.006475514642894268,
    0.0062523168586194515,
    0.006210227124392986,
    0.006064759142696857,
    0.00582029089704156
  ],
  "probe_loss_mse": [
    9.549495697021484,
    1.2707417569756507,
    0.2685456448495388,
    0.0589584451019764,
    0.05516744515299797,
    0.04858835705369711,
    0.057885186195373535,
    0.06169557941704989,
    0.05434458266198635,
    0.046675880149006845,
    0.04696779067441821,
    0.04635062301903963,
    0.044802685644477605,
    0.045757895398885015,
    0.04044153402745724,
    0.04626801987364888,
    0.044587316010147336,
    0.041563034426420925,
    0.04217486842349172,
    0.04754694484174252,
    0.05197382698953152,
    0.06242895541340113,
    0.07181778771430254,
    0.07301724116504192,
    0.06790828338265419,
    0.06676970246434212,
    0.06122431809455156,
    0.0536018605530262,
    0.05284058653190732,
    0.05337974109500647,
    0.05431561601161957,
    0.04497240651771426,
    0.04987609279900789,
    0.043048978112638,
    0.047752850759774444,
    0.03763020613417029,
    0.037297894194722174,
    0.03520546828582883,
    0.036270501727238294,
    0.03372173874080181,
    0.03489616815000773,
    0.03582972600311041,
    0.03567853607237339,
    0.031045538146048785,
    0.03160792977362871,
    0.0298161115385592,
    0.026617650896310806,
    0.03327430167235434,
    0.027668840777128934,
    0.027174345402047037,
    0.028093155711889268,
    0.024644986098632218
  ],
  "probe_explained_var": [
    -1.0,
    -0.0959566662311554,
    0.3466401731967926,
    0.49332528948783877,
    0.4389594419002533,
    0.5343773992061615,
    0.6118167264461517,
    0.6485191352367401,
    0.6931235709190369,
    0.736521888256073,
    0.7779922943115234,
    0.7989484548568726,
    0.8191501183509826,
    0.8367487351894378,
    0.8513883273601532,
    0.8533444468975067,
    0.8485881538391113,
    0.8475199127197266,
    0.8178984506130218,
    0.7918507964611053,
    0.781736481666565,
    0.7640671947002411,
    0.7590574536323548,
    0.7663753688335418,
    0.7658136909008026,
    0.7734151451587677,
    0.7756936109066009,
    0.7910620982646942,
    0.801088761806488,
    0.8059617962837219,
    0.8134594566822052,
    0.8284115664958954,
    0.8370295677185059,
    0.8409801015853882,
    0.8497279169559478,
    0.8549940986633301,
    0.8654363892078399,
    0.8718214704990387,
    0.8759534773826599,
    0.8796977210044861,
    0.8854453392028808,
    0.8903546164035797,
    0.8921018471717834,
    0.8967467730045319,
    0.9009015507698059,
    0.9025454561710358,
    0.9072402651309968,
    0.9111597700119018,
    0.9139464035034179,
    0.9178133161067963,
    0.9206067731380463,
    0.923267496585846
  ],
  "per_task_acc": {
    "addition": [
      0.0,
      0.0,
      0.001953125,
      0.0,
      0.0,
      0.00390625,
      0.0078125,
      0.0078125,
      0.0078125,
      0.013671875,
      0.0078125,
      0.0078125,
      0.017578125,
      0.00390625,
      0.0078125,
      0.005859375,
      0.0078125,
      0.009765625,
      0.009765625,
      0.017578125,
      0.0234375,
      0.03125,
      0.015625,
      0.01953125,
      0.021484375,
      0.03125,
      0.015625,
      0.033203125,
      0.04296875,
      0.046875,
      0.03125,
      0.029296875,
      0.04296875,
      0.041015625,
      0.033203125,
      0.0390625,
      0.0234375,
      0.044921875,
      0.037109375,
      0.0390625,
      0.037109375,
      0.044921875,
      0.044921875,
      0.037109375,
      0.05078125,
      0.0625,
      0.02734375,
      0.041015625,
      0.048828125,
      0.056640625,
      0.0546875,
      0.052734375
    ],
    "sort": [
      0.0,
      0.0703125,
      0.6640625,
      0.9609375,
      0.9765625,
      0.9296875,
      0.994140625,
      0.990234375,
      0.98828125,
      0.99609375,
      0.97265625,
      0.994140625,
      1.0,
      1.0,
      1.0,
      0.99609375,
      0.998046875,
      1.0,
      1.0,
      0.998046875,
      0.998046875,
      0.998046875,
      0.998046875,
      1.0,
      0.99609375,
      0.998046875,
      1.0,
      1.0,
      1.0,
      0.984375,
      1.0,
      0.998046875,
      1.0,
      0.998046875,
      1.0,
      1.0,
      1.0,
      0.998046875,
      1.0,
      1.0,
      1.0,
      1.0,
      1.0,
      1.0,
      1.0,
      1.0,
      1.0,
      1.0,
      1.0,
      1.0,
      1.0,
      1.0
    ],