{
  "step": [
    1,
    250,
    500,
    750,
    1000,
    1250,
    1500,
    1750,
    2000,
    2250,
    2500,
    2750,
    3000,
    3250,
    3500,
    3750,
    4000,
    4250,
    4500,
    4750,
    5000,
    5250,
    5500,
    5750,
    6000,
    6250,
    6500,
    6750,
    7000,
    7250,
    7500,
    7750,
    8000,
    8250,
    8500,
    8750,
    9000,
    9250,
    9500,
    9750,
    10000,
    10250,
    10500,
    10750,
    11000,
    11250,
    11500,
    11750,
    12000,
    12250,
    12500,
    12750,
    13000,
    13250,
    13500,
    13750,
    14000,
    14250,
    14500,
    14750,
    15000,
    15250,
    15500,
    15750,
    16000,
    16250,
    16500,
    16750,
    17000,
    17250,
    17500,
    17750,
    18000,
    18250,
    18500,
    18750,
    19000,
    19250,
    19500,
    19750,
    20000
  ],
  "loss": [
    3.073148012161255,
    2.4962714462280275,
    1.564476224899292,
    0.8086562399864197,
    0.6176451127529144,
    0.5732935638427734,
    0.5313342641592026,
    0.5272387511730194,
    0.5093278546333313,
    0.48988861858844757,
    0.44871291959285736,
    0.41952400863170625,
    0.3986385614871979,
    0.367547904253006,
    0.3432733739614487,
    0.31525282299518587,
    0.3150136229395866,
    0.3060923597216606,
    0.2968426314592362,
    0.2912388849854469,
    0.28475110018253325,
    0.2832932112812996,
    0.28169793236255647,
    0.2826340228319168,
    0.27470976477861403,
    0.27109363609552384,
    0.2698744037747383,
    0.2623283343315124,
    0.25185274320840834,
    0.2232020609974861,
    0.20256679019331933,
    0.1962000389099121,
    0.18685245180130006,
    0.18390406900644302,
    0.17750095096230506,
    0.1751197906434536,
    0.16789057675004004,
    0.16483090275526047,
    0.1534651539027691,
    0.11508226825296879,
    0.08346771688759327,
    0.06667951713502407,
    0.05775491835922003,
    0.05392769508063793,
    0.047912203535437584,
    0.0434800656735897,
    0.04219769370555878,
    0.03837948532402515,
    0.036291744358837606,
    0.03402603928744793,
    0.03272939282655716,
    0.03023178119957447,
    0.02792536436021328,
    0.027164481062442063,
    0.025834038481116296,
    0.02469927904009819,
    0.02336235984042287,
    0.021613604702055454,
    0.02086703594401479,
    0.019944889595732092,
    0.018088432248681785,
    0.01910059463046491,
    0.01773139398917556,
    0.016687875865027308,
    0.01529872465878725,
    0.015155256619676948,
    0.013566500941291451,
    0.013955789636820554,
    0.013339747471734881,
    0.012692586909979582,
    0.011917672051116825,
    0.011642722802236676,
    0.010891513999551534,
    0.010624526021070778,
    0.01052494396083057,
    0.010282902569510043,
    0.009882850385271013,
    0.010055344625376165,
    0.010183457934297622,
    0.009258109054528178,
    0.009366472128778697
  ],
  "per_task_acc": {
    "addition": [
      0.0,
      0.0,
      0.0,
      0.0,
      0.001953125,
      0.001953125,
      0.001953125,
      0.01171875,
      0.001953125,
      0.0078125,
      0.005859375,
      0.00390625,
      0.005859375,
      0.0078125,
      0.009765625,
      0.0078125,
      0.00390625,
      0.001953125,
      0.00390625,
      0.009765625,
      0.01171875,
      0.001953125,
      0.0078125,
      0.0,
      0.005859375,
      0.005859375,
      0.01171875,
      0.017578125,
      0.037109375,
      0.0390625,
      0.064453125,
      0.0703125,
      0.076171875,
      0.07421875,
      0.078125,
      0.095703125,
      0.078125,
      0.095703125,
      0.189453125,
      0.478515625,
      0.634765625,
      0.625,
      0.681640625,
      0.71875,
      0.70703125,
      0.783203125,
      0.75,
      0.75,
      0.833984375,
      0.818359375,
      0.76171875,
      0.8359375,
      0.84765625,
      0.849609375,
      0.818359375,
      0.880859375,
      0.83984375,
      0.833984375,
      0.86328125,
      0.865234375,
      0.857421875,
      0.8515625,
      0.884765625,
      0.8671875,
      0.912109375,
      0.904296875,
      0.908203125,
      0.91796875,
      0.9453125,
      0.935546875,
      0.91015625,
      0.939453125,
      0.939453125,
      0.931640625,
      0.9140625,
      0.947265625,
      0.94921875,
      0.94140625,
      0.927734375,
      0.931640625,
      0.94140625
    ],
    "sort": [
      0.0,
      0.025390625,
      0.505859375,
      0.935546875,
      0.966796875,
      0.98046875,
      0.955078125,
      0.984375,
      0.986328125,
      0.96484375,
      0.982421875,
      0.978515625,
      0.986328125,
      0.978515625,
      0.978515625,
      0.98828125,
      0.984375,
      0.98828125,
      0.99609375,
      0.970703125,
      0.982421875,
      0.990234375,
      0.994140625,
      0.998046875,
      0.994140625,
      0.99609375,
      0.99609375,
      0.998046875,
      0.990234375,
      0.990234375,
      0.994140625,
      0.98828125,
      0.990234375,
      0.9921875,
      0.99609375,
      0.994140625,
      0.998046875,
      0.99609375,
      0.984375,
      0.990234375,
      0.99609375,
      0.998046875,
      1.0,
      0.998046875,
      0.9921875,
      0.99609375,
      0.99609375,
      0.99609375,
      0.998046875,
      0.998046875,
      0.994140625,
      0.998046875,
      0.998046875,
      0.99609375,
      0.998046875,
      0.998046875,
      0.99609375,
      0.998046875,
      0.998046875,
      0.998046875,
      0.998046875,
      0.998046875,
      0.994140625,
      0.998046875,
      0.998046875,
      0.998046875,
      0.998046875,
      0.998046875,
      0.998046875,
      0.998046875,
      0.998046875,
      0.998046875,
      0.998046875,
      0.99609375,
      0.998046875,
      0.998046875,
      1.0,
      0.998046875,
      1.0,
      1.0,
      1.0
    ],
    "reverse": [
      0.0,
      0.0,
      0.998046875,
      1.0,
      1.0,
      0.998046875,
      1.0,
      1.0,
      0.998046875,
      0.99609375,
      1.0,
      1.0,
      0.998046875,
      1.0,
      0.998046875,
      1.0,
      0.9921875,
      0.998046875,
      1.0,
      0.99609375,
      0.998046875,
      1.0,
      1.0,
      0.998046875,
      1.0,
      0.998046875,
      1.0,
      1.0,
      1.0,
      1.0,
      1.0,
      1.0,
      1.0,
      1.0,
      1.0,
      1.0,
      1.0,
      0.998046875,
      0.998046875,
      1.0,
      0.998046875,
      1.0,
      1.0,
      1.0,
      1.0,
      1.0,
      1.0,
      1.0,
      1.0,
      1.0,
      1.0,
      1.0,
      1.0,
      1.0,
      1.0,
      1.0,
      1.0,
      1.0,
      1.0,
      1.0,
      1.0,
      1.0,
      1.0,
      1.0,
      1.0,
      1.0,
      1.0,
      1.0,
      1.0,
      1.0,
      1.0,
      1.0,
      1.0,
      1.0,
      1.0,
      1.0,
      1.0,
      1.0,
      1.0,
      1.0,
      1.0
    ],