{
  "step": [
    1,
    250,
    500,
    750,
    1000,
    1250,
    1500,
    1750,
    2000,
    2250,
    2500,
    2750,
    3000,
    3250,
    3500,
    3750,
    4000,
    4250,
    4500,
    4750,
    5000,
    5250,
    5500,
    5750,
    6000,
    6250,
    6500,
    6750,
    7000,
    7250,
    7500,
    7750,
    8000,
    8250,
    8500,
    8750,
    9000,
    9250,
    9500,
    9750,
    10000,
    10250,
    10500,
    10750,
    11000,
    11250,
    11500,
    11750,
    12000,
    12250,
    12500,
    12750,
    13000,
    13250,
    13500,
    13750,
    14000,
    14250,
    14500,
    14750,
    15000,
    15250,
    15500,
    15750,
    16000,
    16250,
    16500,
    16750,
    17000,
    17250,
    17500,
    17750,
    18000,
    18250,
    18500,
    18750,
    19000,
    19250,
    19500,
    19750,
    20000
  ],
  "loss": [
    3.0643889904022217,
    2.484551381111145,
    1.5282326040267944,
    0.7637132308483123,
    0.6132260009050369,
    0.5477442598342895,
    0.5063320447206497,
    0.4734731334447861,
    0.4251088647842407,
    0.40174083364009855,
    0.3949410982131958,
    0.38057728350162506,
    0.3671428550481796,
    0.3594361366033554,
    0.3548060261011124,
    0.33158005541563035,
    0.324438780605793,
    0.3064536657333374,
    0.2980213097333908,
    0.2826943290233612,
    0.2771232869029045,
    0.26625749295949935,
    0.2481142374277115,
    0.21038671910762788,
    0.16326761400699616,
    0.1300317948460579,
    0.11057441237568855,
    0.09850805234909057,
    0.09131885166466236,
    0.08478619754314423,
    0.07735456758737565,
    0.07298520374298095,
    0.06629411481320859,
    0.06474368917942047,
    0.059251985609531405,
    0.056289491198956966,
    0.05202542465925217,
    0.05109239511936903,
    0.047852121971547604,
    0.04417550140619278,
    0.042253403522074226,
    0.04045044862478971,
    0.03636938604712486,
    0.0361944801658392,
    0.03643358125537634,
    0.034733630925416946,
    0.02950682419538498,
    0.030684721436351536,
    0.02770786130428314,
    0.026660125993192195,
    0.02571282611787319,
    0.024791926264762877,
    0.023647604331374167,
    0.022213821318000555,
    0.02068954025954008,
    0.020146614333614705,
    0.019007351461797953,
    0.018968652525916695,
    0.01739152722619474,
    0.016654615949839354,
    0.01567099847085774,
    0.014795348811894656,
    0.014070329643785953,
    0.013692359939217568,
    0.012886888094246388,
    0.012464969791471959,
    0.012003741386346519,
    0.01058785009663552,
    0.010912388653494417,
    0.010068781618028879,
    0.009458112891763449,
    0.009965240185149014,
    0.009262081620283425,
    0.008512645331211387,
    0.009371007774025202,
    0.008140964239370078,
    0.008341070440597832,
    0.008088872992433608,
    0.008092472938820719,
    0.0076160555155947805,
    0.007622305266559124
  ],
  "per_task_acc": {
    "addition": [
      0.0,
      0.0,
      0.001953125,
      0.001953125,
      0.001953125,
      0.005859375,
      0.005859375,
      0.001953125,
      0.0078125,
      0.009765625,
      0.001953125,
      0.01171875,
      0.015625,
      0.009765625,
      0.005859375,
      0.009765625,
      0.009765625,
      0.01171875,
      0.02734375,
      0.015625,
      0.02734375,
      0.0546875,
      0.05859375,
      0.14453125,
      0.359375,
      0.490234375,
      0.470703125,
      0.55078125,
      0.544921875,
      0.560546875,
      0.623046875,
      0.607421875,
      0.65234375,
      0.673828125,
      0.701171875,
      0.673828125,
      0.77734375,
      0.76953125,
      0.7890625,
      0.783203125,
      0.791015625,
      0.8125,
      0.794921875,
      0.875,
      0.826171875,
      0.884765625,
      0.91015625,
      0.849609375,
      0.904296875,
      0.892578125,
      0.88671875,
      0.890625,
      0.919921875,
      0.90625,
      0.900390625,
      0.92578125,
      0.94140625,
      0.88671875,
      0.896484375,
      0.912109375,
      0.919921875,
      0.94140625,
      0.935546875,
      0.9375,
      0.955078125,
      0.951171875,
      0.9609375,
      0.966796875,
      0.947265625,
      0.97265625,
      0.939453125,
      0.951171875,
      0.966796875,
      0.970703125,
      0.962890625,
      0.978515625,
      0.96875,
      0.974609375,
      0.9765625,
      0.970703125,
      0.984375
    ],
    "sort": [
      0.0,
      0.068359375,
      0.5234375,
      0.939453125,
      0.9921875,
      0.984375,
      0.998046875,
      0.994140625,
      0.98828125,
      0.9921875,
      0.955078125,
      0.994140625,
      0.998046875,
      0.966796875,
      0.998046875,
      0.986328125,
      0.994140625,
      1.0,
      0.998046875,
      0.994140625,
      1.0,
      0.994140625,
      1.0,
      0.99609375,
      1.0,
      0.998046875,
      1.0,
      1.0,
      0.998046875,
      0.998046875,
      1.0,
      1.0,
      1.0,
      0.998046875,
      1.0,
      1.0,
      1.0,
      1.0,
      1.0,
      1.0,
      1.0,
      1.0,
      1.0,
      1.0,
      1.0,
      0.998046875,
      0.99609375,
      1.0,
      1.0,
      1.0,
      1.0,
      0.998046875,
      1.0,
      1.0,
      1.0,
      1.0,
      0.99609375,
      1.0,
      1.0,
      1.0,
      1.0,
      1.0,
      1.0,
      1.0,
      1.0,
      1.0,
      1.0,
      1.0,
      1.0,
      1.0,
      1.0,
      1.0,
      1.0,
      1.0,
      1.0,
      1.0,
      1.0,
      1.0,
      1.0,
      1.0,
      1.0
    ],
    "reverse": [
      0.0,
      0.001953125,
      0.998046875,
      0.9921875,
      0.984375,
      1.0,
      0.99609375,
      1.0,
      1.0,
      1.0,
      0.998046875,
      1.0,
      1.0,
      1.0,
      1.0,
      1.0,
      1.0,
      0.99609375,
      0.998046875,
      0.998046875,
      0.998046875,
      1.0,
      0.998046875,
      1.0,
      0.998046875,
      0.998046875,
      1.0,
      0.998046875,
      0.998046875,
      0.998046875,
      1.0,
      1.0,
      1.0,
      0.998046875,
      1.0,
      1.0,
      0.998046875,
      0.998046875,
      1.0,
      1.0,
      1.0,
      1.0,
      1.0,
      1.0,
      1.0,
      0.998046875,
      1.0,
      1.0,
      1.0,
      1.0,
      1.0,
      0.998046875,
      1.0,
      1.0,
      1.0,
      1.0,
      1.0,
      1.0,
      1.0,
      1.0,
      1.0,
      1.0,
      1.0,
      1.0,
      1.0,
      1.0,
      1.0,
      1.0,
      1.0,
      1.0,
      1.0,
      1.0,
      1.0,
      1.0,
      1.0,
      1.0,
      1.0,
      1.0,
      1.0,
      1.0,
      1.0
    ],