{
  "step": [
    1,
    250,
    500,
    750,
    1000,
    1250,
    1500,
    1750,
    2000,
    2250,
    2500,
    2750,
    3000,
    3250,
    3500,
    3750,
    4000,
    4250,
    4500,
    4750,
    5000,
    5250,
    5500,
    5750,
    6000,
    6250,
    6500,
    6750,
    7000,
    7250,
    7500,
    7750,
    8000,
    8250,
    8500,
    8750,
    9000,
    9250,
    9500,
    9750,
    10000,
    10250,
    10500,
    10750,
    11000,
    11250,
    11500,
    11750,
    12000,
    12250,
    12500,
    12750,
    13000,
    13250,
    13500,
    13750,
    14000,
    14250,
    14500,
    14750,
    15000,
    15250,
    15500,
    15750,
    16000,
    16250,
    16500,
    16750,
    17000,
    17250,
    17500,
    17750,
    18000,
    18250,
    18500,
    18750,
    19000,
    19250,
    19500,
    19750,
    20000
  ],
  "loss": [
    3.049924373626709,
    2.4787586903572083,
    1.5225571641921998,
    0.7697388069629669,
    0.5916006006002427,
    0.51721950507164,
    0.46020148241519926,
    0.4379462090730667,
    0.4231388908624649,
    0.4114835124015808,
    0.39759978497028353,
    0.3821756531000137,
    0.35681824100017545,
    0.34115792852640153,
    0.3259607644677162,
    0.3074254811406136,
    0.2972009527683258,
    0.2753119687438011,
    0.2655402838587761,
    0.25553759372234347,
    0.24354050427675247,
    0.22821467596292497,
    0.19125217813253403,
    0.1164696006178856,
    0.08913192355632782,
    0.07799595363438129,
    0.06741128130257129,
    0.061921033218503,
    0.05790202110260725,
    0.05478316579759121,
    0.0491486105248332,
    0.04578678780794144,
    0.04426062025129795,
    0.04169345088303089,
    0.03909958798438311,
    0.03750169873982668,
    0.03661590724438429,
    0.03438657294213772,
    0.03141938846558332,
    0.03099971545115113,
    0.030247601129114628,
    0.028945408813655378,
    0.028870951659977436,
    0.026486773367971183,
    0.02524638145416975,
    0.024241409845650198,
    0.022782541830092668,
    0.022104570116847754,
    0.021352019703015684,
    0.02126151794940233,
    0.01918562880717218,
    0.019308029937557876,
    0.018792358931154014,
    0.017910628458485008,
    0.017416134864091874,
    0.01632640049420297,
    0.01656557253189385,
    0.015479990804567934,
    0.014636552872136235,
    0.014264027792960406,
    0.013615994041785599,
    0.013239083324559033,
    0.012893637761473656,
    0.012705578535795212,
    0.011883866905234753,
    0.011833640701137483,
    0.011237794327549636,
    0.01077151052840054,
    0.010902445608749986,
    0.010476802908815443,
    0.010445524388924241,
    0.009788586436770856,
    0.009531878730282188,
    0.009588154812343418,
    0.009106803431175649,
    0.0086150063239038,
    0.00874643183592707,
    0.008699973164126277,
    0.008635860670357943,
    0.008597850653342903,
    0.008708604671992361
  ],
  "per_task_acc": {
    "addition": [
      0.0,
      0.0,
      0.0,
      0.0,
      0.00390625,
      0.0078125,
      0.01171875,
      0.009765625,
      0.0078125,
      0.005859375,
      0.00390625,
      0.009765625,
      0.005859375,
      0.0078125,
      0.021484375,
      0.01171875,
      0.0390625,
      0.0234375,
      0.025390625,
      0.04296875,
      0.056640625,
      0.06640625,
      0.298828125,
      0.54296875,
      0.6875,
      0.65234375,
      0.71875,
      0.703125,
      0.68359375,
      0.705078125,
      0.79296875,
      0.787109375,
      0.703125,
      0.75,
      0.78515625,
      0.734375,
      0.765625,
      0.8046875,
      0.853515625,
      0.888671875,
      0.841796875,
      0.84765625,
      0.826171875,
      0.9140625,
      0.859375,
      0.85546875,
      0.86328125,
      0.861328125,
      0.8828125,
      0.875,
      0.849609375,
      0.89453125,
      0.87109375,
      0.8984375,
      0.876953125,
      0.892578125,
      0.8671875,
      0.880859375,
      0.912109375,
      0.90234375,
      0.888671875,
      0.9296875,
      0.921875,
      0.892578125,
      0.904296875,
      0.94921875,
      0.91015625,
      0.935546875,
      0.921875,
      0.939453125,
      0.943359375,
      0.923828125,
      0.9609375,
      0.94140625,
      0.958984375,
      0.927734375,
      0.94921875,
      0.9375,
      0.953125,
      0.951171875,
      0.95703125
    ],
    "sort": [
      0.0,
      0.076171875,
      0.6953125,
      0.978515625,
      0.9765625,
      0.97265625,
      0.984375,
      0.986328125,
      0.97265625,
      0.998046875,
      0.970703125,
      0.99609375,
      0.998046875,
      0.998046875,
      1.0,
      1.0,
      0.99609375,
      0.99609375,
      0.998046875,
      0.998046875,
      0.98046875,
      1.0,
      0.9921875,
      0.99609375,
      0.998046875,
      0.998046875,
      1.0,
      0.99609375,
      1.0,
      0.9921875,
      1.0,
      1.0,
      1.0,
      0.998046875,
      1.0,
      1.0,
      1.0,
      1.0,
      1.0,
      1.0,
      1.0,
      1.0,
      1.0,
      1.0,
      0.99609375,
      1.0,
      1.0,
      1.0,
      0.998046875,
      1.0,
      1.0,
      1.0,
      1.0,
      1.0,
      1.0,
      1.0,
      1.0,
      1.0,
      1.0,
      1.0,
      1.0,
      1.0,
      1.0,
      1.0,
      1.0,
      1.0,
      1.0,
      1.0,
      1.0,
      1.0,
      1.0,
      1.0,
      1.0,
      1.0,
      1.0,
      1.0,
      1.0,
      1.0,
      1.0,
      1.0,
      1.0
    ],
    "reverse": [
      0.0,
      0.0,
      0.99609375,
      0.990234375,
      0.998046875,
      1.0,
      1.0,
      1.0,
      0.994140625,
      1.0,
      1.0,
      1.0,
      0.99609375,
      0.998046875,
      1.0,
      0.99609375,
      1.0,
      1.0,
      1.0,
      1.0,
      1.0,
      0.99609375,
      1.0,
      1.0,
      1.0,
      1.0,
      1.0,
      1.0,
      1.0,
      1.0,
      1.0,
      1.0,
      1.0,
      1.0,
      1.0,
      0.998046875,
      1.0,
      1.0,
      1.0,
      1.0,
      1.0,
      1.0,
      1.0,
      1.0,
      1.0,
      1.0,
      1.0,
      1.0,
      1.0,
      1.0,
      1.0,
      1.0,
      1.0,
      1.0,
      1.0,
      1.0,
      1.0,
      1.0,
      1.0,
      1.0,
      1.0,
      1.0,
      1.0,
      1.0,
      1.0,
      1.0,
      1.0,
      1.0,
      1.0,
      1.0,
      1.0,
      1.0,
      1.0,
      1.0,
      1.0,
      1.0,
      1.0,
      1.0,
      1.0,
      1.0,
      1.0
    ],
    "modadd": [
      0.0,
      0.009765625,
      0.015625,
      0.01171875,
      0.0078125,
      0.068359375,
      0.087890625,
      0.119140625,
      0.068359375,
      0.15625,
      0.158203125,
      0.25390625,
      0.39453125,
      0.498046875,
      0.587890625,
      0.70703125,
      0.642578125,
      0.78125,
      0.7890625,
      0.8359375,
      0.798828125,
      0.78515625,
      0.79296875,
      0.87109375,
      0.86328125,
      0.8984375,
      0.8984375,
      0.9140625,
      0.927734375,
      0.9375,
      0.94921875,
      0.900390625,
      0.931640625,
      0.94140625,
      0.91015625,
      0.953125,
      0.9609375,
      0.966796875,
      0.990234375,
      0.94140625,
      0.96484375,
      0.966796875,
      0.97265625,
      0.98046875,
      0.98828125,
      0.98046875,
      0.986328125,
      0.96875,
      0.97265625,
      0.982421875,
      0.96484375,
      0.9765625,
      0.990234375,
      0.99609375,
      0.98828125,
      0.99609375,
      0.9921875,
      1.0,
      0.990234375,
      0.994140625,
      1.0,
      1.0,
      0.998046875,
      0.9921875,
      0.99609375,
      1.0,
      0.9921875,
      0.998046875,
      1.0,
      0.99609375,
      0.998046875,
      0.998046875,
      1.0,
      0.998046875,
      0.998046875,
      1.0,
      1.0,
      0.998046875,
      1.0,
      1.0,
      1.0
    ]
  },