{
  "circle": {
    "config": {
      "n": 100,
      "m": 4,
      "K": 10,
      "d": 2,
      "T": 10000,
      "steps": 5000,
      "temperature": 1.0,
      "structure": "circle",
      "seed": 0,
      "weight_decay": 0.01
    },
    "timing_sec": 7.88,
    "final_loss": 0.0005115630920045078,
    "trivial_loss": 0.01,
    "normalized_loss": 0.05115630920045078,
    "recovery": {
      "n_alive": 100,
      "frac_dead": 0.0,
      "pearson_r": 0.33378105155757726
    },
    "loss_trajectory": [
      [
        0,
        0.008954307995736599
      ],
      [
        250,
        0.00709068076685071
      ],
      [
        500,
        0.0029634018428623676
      ],
      [
        750,
        0.0016425695503130555
      ],
      [
        1000,
        0.0009141031187027693
      ],
      [
        1250,
        0.0006913498509675264
      ],
      [
        1500,
        0.0006637463811784983
      ],
      [
        1750,
        0.0006443792954087257
      ],
      [
        2000,
        0.0006244296673685312
      ],
      [
        2250,
        0.000604076951276511
      ],
      [
        2500,
        0.000585219357162714
      ],
      [
        2750,
        0.0005681751063093543
      ],
      [
        3000,
        0.0005529269110411406
      ],
      [
        3250,
        0.0005407259450294077
      ],
      [
        3500,
        0.0005312641733326018
      ],
      [
        3750,
        0.0005238497979007661
      ],
      [
        4000,
        0.0005183365428820252
      ],
      [
        4250,
        0.0005146582261659205
      ],
      [
        4500,
        0.0005125575116835535
      ],
      [
        4750,
        0.0005116973188705742
      ],
      [
        4999,
        0.0005115630920045078
      ]
    ]
  },
  "random": {
    "config": {
      "n": 100,
      "m": 4,
      "K": 10,
      "d": 2,
      "T": 10000,
      "steps": 5000,
      "temperature": 1.0,
      "structure": "random",
      "seed": 0,
      "weight_decay": 0.01
    },
    "timing_sec": 6.23,
    "final_loss": 0.0004273653030395508,
    "trivial_loss": 0.01,
    "normalized_loss": 0.04273653030395508,
    "recovery": {
      "n_alive": 100,
      "frac_dead": 0.0,
      "pearson_r": 0.40927086014004554
    },
    "loss_trajectory": [
      [
        0,
        0.008929269388318062
      ],
      [
        250,
        0.006984292063862085
      ],
      [
        500,
        0.0024170761462301016
      ],
      [
        750,
        0.000909496215172112
      ],
      [
        1000,
        0.0007351065869443119
      ],
      [
        1250,
        0.0006814108928665519
      ],
      [
        1500,
        0.0005829177098348737
      ],
      [
        1750,
        0.0005623602191917598
      ],
      [
        2000,
        0.0005423431284725666
      ],
      [
        2250,
        0.0005223045009188354
      ],
      [
        2500,
        0.000504361349157989
      ],
      [
        2750,
        0.0004882808425463736
      ],
      [
        3000,
        0.00047376289148814976
      ],
      [
        3250,
        0.0004608220770023763
      ],
      [
        3500,
        0.0004499734495766461
      ],
      [
        3750,
        0.0004414459108375013
      ],
      [
        4000,
        0.0004351291572675109
      ],
      [
        4250,
        0.00043089251266792417
      ],
      [
        4500,
        0.00042849258170463145
      ],
      [
        4750,
        0.00042751742876134813
      ],
      [
        4999,
        0.0004273653030395508
      ]
    ]
  }
}